5,116,LED-203-27-HI
3,56,LED-240-S00-35
9,48,LED-203-30
1,45,LED-213-S00-35
1,35,LED-319-H00-30
1,30,LED-240-H01-35
4,16,LED-240-S00-40
3,10,LED-203-35
3,10,LED-240-S00-30
3,9,LED-313-H00-3022
2,5,LED-198-S70-3022
2,5,LED-203-27
2,4,LED-203-30-HI
2,4,LED-275-S00-2722
1,3,LED-239-S00-35
1,3,LED-307-S00-35
1,2,LED-212-S00-6022
1,2,LED-236-S00-35
1,2,LED-293-H00-30
1,1,LED-204-S00-3522
1,1,LED-219-S00-6022
1,1,LED-240-H00-30
1,1,LED-274-H00-27
1,1,LED-274-H00-30
1,1,LED-275-S00-3522
1,1,LED-307-S00-30
1,1,LED-313-S00-3022
1,1,LED-326-S00-30
1,1,LED-336-S00-RGB30
